,Mean,Farmer No.,Zeros,Eligibility,loan
0,9181.18653846154,1,6.65,2,55838.79532163744
1,11496.648076923077,2,1.875,2,69921.13450292397
2,8015.49230769231,3,1.925,2,48749.19298245615
3,87371.01730769232,4,0.15,1,534505.0470588235
4,1356.2076923076925,5,2.475,2,8248.280701754387
5,71216.5,6,2.65,2,433129.59064327483
6,16386.990384615383,7,2.35,2,99663.567251462
7,13798.519230769229,8,2.375,2,83920.81871345028
8,12051.413461538463,9,1.95,2,73295.14619883042
9,2959.992307692308,10,4.5,2,18002.292397660818
10,11869.359615384614,11,0.025,2,72187.91812865496
11,104656.63076923079,12,4.9,2,636508.1637426901
12,52590.8346153846,13,1.475,2,319850.69005847943
13,25369.355769230762,14,8.925,2,154293.1578947368
14,24785.05000000001,15,0.0,2,150739.48538011702
15,44000.09038461539,16,0.4,2,267602.88888888893
16,291.6423076923078,17,7.3,2,1773.7309941520475
17,19328.807692307684,18,1.45,2,117555.32163742685
18,17023.22115384615,19,0.0,2,103533.0409356725
19,66835.62884615385,20,2.475,2,406485.69590643275
20,20193.12884615385,21,0.675,2,122812.01169590646
21,74300.08461538462,22,1.375,2,451883.55555555556
22,103692.38076923077,23,0.0,1,634353.3882352943
23,230925.93653846154,24,2.875,2,1404461.83625731
24,5010.884615384617,25,3.75,2,30475.555555555566
25,6698.903846153846,26,2.3,2,40741.87134502924
26,32520.742307692308,27,7.65,2,197786.9707602339
27,4432.9807692307695,28,1.3,2,26960.81871345029
28,114496.35192307693,29,1.125,1,700448.2705882353
29,347950.85576923075,30,1.075,1,2128640.529411765
30,9788.559615384615,31,0.275,2,59532.76023391813
31,223150.5711538462,32,0.875,1,1365156.4352941178
32,9481.85576923077,33,3.15,2,57667.4269005848
33,43049.724999999984,34,0.825,2,261822.8888888888
34,22260.915384615386,35,0.95,2,135388.02339181287
35,6192.907692307691,36,0.0,2,37664.467836257296
36,8475.311538461541,38,0.2,2,51545.75438596494
37,2126.463461538461,39,1.575,2,12932.877192982454
38,7895.176923076923,40,0.8,2,48017.45029239766
39,32473.949999999993,41,2.825,2,197502.38596491225
40,23260.90576923077,42,4.2,2,141469.83625730994
41,21032.61730769232,43,0.0,2,127917.67251461995
42,12030.819230769233,44,7.775,2,73169.89473684212
43,24467.84807692308,45,0.0,2,148810.30409356728
44,1145.4884615384613,46,4.3,2,6966.713450292396
45,5322.717307692307,47,0.0,2,32372.081871345028
46,7179.011538461537,48,0.0,2,43661.824561403504
47,33183.0076923077,49,0.225,2,201814.78362573104
48,60166.8230769231,50,0.725,2,365926.8771929826
49,2378.2615384615387,51,3.225,2,14464.28070175439
50,100579.85,52,0.8,1,615312.0235294118
51,7424.871153846152,53,4.0,2,45157.1111111111
52,11691.928846153849,54,5.475,2,71108.80701754388
53,781.7673076923077,55,1.85,2,4754.608187134503
54,1682.4115384615386,56,0.0,2,10232.21052631579
55,619.175,57,10.075,2,3765.7426900584796
56,48360.686538461545,58,0.325,2,294123.47368421056
57,31714.59423076925,59,0.0,2,192884.08187134514
58,60061.05576923078,60,0.925,2,365283.61403508775
59,1898.9923076923073,61,6.025,2,11549.426900584793
60,2059.076923076923,62,0.325,2,12523.040935672514
61,107916.53846153847,63,4.275,2,656334.5029239766
62,7103.790384615383,64,1.65,2,43204.33918128654
63,34564.41346153846,65,2.25,2,210216.31578947368
64,93159.12500000003,66,0.0,1,569914.6470588237
65,31062.853846153845,67,2.4,2,188920.28070175438
66,6320.2653846153835,68,0.0,2,38439.04093567251
67,1761.686538461539,69,5.65,2,10714.350877192985
68,72710.82499999998,70,3.7,2,442217.88304093556
69,356.08653846153845,71,7.7,2,2165.6725146198833
70,26261.95,72,0.0,2,159721.80116959065
71,4332.136538461539,73,0.95,2,26347.497076023395
72,5975.455769230769,74,0.0,2,36341.95321637427
73,20135.548076923074,75,3.9,2,122461.81286549705
74,6228.282692307694,76,2.35,2,37879.61403508773
75,10412.813461538462,77,0.325,2,63329.3918128655
76,90472.3923076923,78,0.0,1,553478.1647058823
77,25609.48461538462,79,0.0,2,155753.5906432749
78,18499.932692307695,80,5.0,2,112514.21052631582
79,25172.2,81,0.525,2,153094.08187134503
80,83775.14038461537,82,0.0,1,512506.7411764705
81,5511.776923076922,83,2.65,2,33521.918128654965
82,1851.1250000000007,84,3.2,2,11258.304093567256
83,2729.732692307692,85,0.0,2,16601.883040935674
84,92883.37115384618,86,1.15,1,568227.6823529414
85,4922.865384615385,87,1.225,2,29940.233918128655
86,39290.688461538455,88,0.0,2,238960.9122807017
87,63370.39615384617,89,3.05,2,385410.5964912282
88,1713.9326923076922,90,0.6,2,10423.91812865497
89,1831.39423076923,91,0.3,2,11138.304093567247
90,2342.736538461538,92,2.125,2,14248.222222222219
91,11411.94423076923,93,0.75,2,69405.97660818712
92,1281.6269230769233,94,1.575,2,7794.690058479534
93,39713.74615384616,95,2.05,2,241533.89473684214
94,31670.34615384615,96,2.2,2,192614.9707602339
95,105020.80961538463,97,0.075,1,642480.2470588236
96,14492.821153846151,98,1.775,2,88143.4736842105
97,3343.1096153846156,99,0.4,2,20332.362573099414
98,23116.632692307692,100,0.75,2,140592.38596491228
99,80617.725,101,2.25,2,490306.63157894736
100,2812.769230769231,102,0.15,2,17106.900584795323
101,39536.132692307685,103,0.65,2,240453.67251461983
102,34700.88076923078,104,2.725,2,211046.2923976609
103,12666.417307692309,105,0.0,2,77035.52046783626
104,6274.461538461537,106,0.0,2,38160.4678362573
105,1504.0653846153848,107,1.225,2,9147.532163742691
106,46683.461538461546,108,0.05,1,285592.94117647066
107,112171.00384615385,109,0.125,1,686222.6117647059
108,24347.890384615384,110,9.55,2,148080.73684210525
109,5630.6461538461535,111,0.525,2,34244.865497076025
110,206261.3,112,0.75,1,1261833.8352941177
111,1807.7961538461536,113,6.275,2,10994.783625730994
112,21976.955769230768,114,2.55,2,133661.01754385966
113,2638.4807692307695,115,1.9,2,16046.900584795325
114,24461.95576923077,116,0.0,2,148774.46783625733
115,42805.528846153844,117,2.275,2,260337.71929824562
116,42918.94423076923,118,0.95,2,261027.4970760234
117,9033.794230769232,119,0.275,2,54942.37426900586
118,3837.521153846154,120,3.7,2,23339.309941520467
119,5459.721153846154,121,0.25,2,33205.3216374269
120,402.2461538461538,122,6.8,2,2446.4093567251457
121,46505.78461538461,123,0.0,1,284505.97647058824
122,221.51538461538468,124,7.075,2,1347.228070175439
123,14079.303846153844,125,0.25,2,85628.51461988303
124,3645.875,126,6.575,2,22173.74269005848
125,1219.269230769231,127,2.075,2,7415.43859649123
126,3301.3961538461544,128,7.725,2,20078.666666666668
127,50285.265384615384,129,2.0,2,305828.51461988303
128,7495.25,130,4.75,2,45585.14619883041
129,12410.221153846152,131,4.7,2,75477.36842105263
130,21417.57500000001,132,4.45,2,130258.93567251468
131,27301.838461538475,133,2.275,2,166046.26900584804
132,761.3480769230767,134,6.725,2,4630.421052631577
133,102970.53076923078,135,0.325,1,629937.3647058824
134,12894.713461538464,136,0.125,2,78423.98830409358
135,1531.35,137,1.575,2,9313.473684210527
136,5022.332692307691,138,4.15,2,30545.1812865497
137,5872.911538461538,139,1.85,2,35718.292397660814
138,1886.5019230769235,140,8.175,2,11473.461988304096
139,4281.342307692308,142,3.65,2,26038.57309941521
140,16997.53461538461,144,2.35,2,103376.81871345027
141,11338.667307692309,145,0.825,2,68960.3157894737
142,1619.3057692307693,146,6.125,2,9848.409356725146
143,954.348076923077,147,4.725,2,5804.222222222223
144,54702.47692307692,148,2.475,2,332693.4269005848
145,3407.961538461538,149,1.625,2,20726.78362573099
146,4436.192307692307,150,1.575,2,26980.350877192977
147,11295.113461538462,151,1.5,2,68695.42690058479
148,45798.025000000016,152,0.875,2,278537.6959064328
149,7192.086538461537,153,8.05,2,43741.34502923976
150,2403.2250000000004,154,4.275,2,14616.105263157897
151,19123.30769230768,155,6.25,2,116305.49707602333
152,41106.65576923077,156,0.975,2,250005.3918128655
153,39806.02115384616,157,0.875,2,242095.09941520472
154,83307.3173076923,158,2.375,2,506664.3859649122
155,44654.19807692306,159,0.875,2,271581.08771929814
156,15525.284615384622,160,5.4,2,94422.78362573104
157,11488.93846153846,161,0.0,2,69874.24561403507
158,13877.990384615385,162,1.025,2,84404.15204678362
159,23070.38846153846,163,0.325,2,140311.13450292396
160,43481.878846153835,164,0.0,1,266006.78823529405
161,5324.003846153846,165,1.425,2,32379.90643274854
162,3994.938461538461,166,0.525,2,24296.701754385962
163,18131.671153846153,167,1.4,2,110274.49122807017
164,20761.228846153852,168,0.0,2,126267.12280701759
165,24973.434615384616,169,0.15,2,151885.21637426902
166,39525.98269230769,170,1.425,2,240391.94152046784
167,1050.7307692307684,171,9.6,2,6390.409356725141
168,7429.124999999997,172,4.825,2,45182.98245614034
169,24354.21153846153,173,1.75,2,148119.18128654966
170,4766.398076923078,174,0.0,2,28988.619883040945
171,9578.66923076923,175,0.9,2,58256.23391812865
172,20625.686538461545,176,1.1,2,125442.77192982461
173,3031.0788461538455,177,2.55,2,18434.631578947363
174,36043.19038461539,178,0.0,2,219210.04678362573
175,6836.803846153845,179,0.65,2,41580.561403508764
176,41272.751923076925,180,0.0,1,252492.1294117647
177,26359.144230769238,181,0.0,2,160312.92397660823
178,289.4192307692308,182,9.075,2,1760.2105263157898
179,32368.44038461538,183,0.925,2,196860.6900584795
180,9054.461538461537,184,6.55,2,55068.07017543859
181,79923.68076923078,185,6.2,2,486085.5438596492
182,29819.44423076923,186,0.225,2,181358.02339181287
183,90353.58653846152,187,0.6,1,552751.3529411764
184,11184.207692307695,188,2.025,2,68020.91228070177
185,8328.369230769229,189,0.0,2,50652.07017543859
186,4717.536538461538,190,2.525,2,28691.450292397654
187,25194.940384615376,191,0.0,2,153232.38596491225
188,52860.85961538462,192,2.275,2,321492.94736842107
189,1495.8038461538458,193,0.325,2,9097.286549707602
190,111065.17307692308,194,0.0,1,679457.5294117647
191,29445.61346153846,195,1.05,2,179084.432748538
192,1720.201923076923,196,0.3,2,10462.04678362573
193,56672.219230769224,197,0.575,2,344673.1461988304
194,2692.2134615384607,198,3.825,2,16373.695906432744
195,58196.17692307691,199,0.0,1,356023.6705882352
196,12091.167307692307,200,1.525,2,73536.92397660819
197,79017.86346153844,201,0.0,1,483403.39999999985
198,55700.523076923084,202,1.8,2,338763.41520467843
199,122689.98461538463,203,1.35,1,750574.0235294119
200,14066.867307692306,204,0.0,2,85552.87719298244
201,64257.27115384615,205,2.6,2,390804.4561403509
202,14303.673076923083,206,1.5,2,86993.09941520472
203,80031.6,207,0.3,1,489605.0823529412
204,88759.10576923077,208,1.125,1,542996.8823529412
205,40933.51538461538,209,0.0,1,250416.8
206,47662.71538461538,210,0.175,2,289878.50292397663
207,1804.951923076923,211,0.9,2,10977.48538011696
208,42162.89807692308,212,2.45,2,256429.3216374269
209,6013.61923076923,213,0.625,2,36574.058479532156
210,1955.7461538461532,214,2.775,2,11894.596491228067
211,10354.049999999997,215,6.55,2,62971.99999999999
212,73572.47307692308,216,2.675,2,447458.3157894737
213,25856.571153846144,217,0.625,2,157256.3391812865
214,15512.667307692307,218,1.0,2,94346.04678362573
215,13863.523076923078,219,0.4,2,84316.16374269007
216,69802.65,220,0.65,2,424530.7368421053
217,2207.005769230769,221,0.45,2,13422.72514619883
218,1802.7557692307687,222,4.6,2,10964.128654970758
219,217184.6826923077,223,0.0,0,1344476.607142857
220,93751.13846153844,224,2.2,2,570182.3625730993
221,2799.4461538461546,225,3.775,2,17025.871345029245
222,150199.03461538462,226,0.25,0,929803.5476190476
223,80020.95192307694,227,1.65,2,486677.13450292405
224,22960.25192307692,228,0.0,2,139641.29824561402
225,9189.336538461543,229,4.35,2,55888.36257309944
226,119194.8923076923,230,0.0,1,729192.2823529411
227,52818.97115384615,231,0.625,2,321238.18713450286
228,65711.20576923079,232,1.175,2,399647.0994152048
229,17185.77884615384,233,1.2,2,104521.69590643271
230,61324.46346153845,234,0.375,2,372967.4970760233
231,94593.94423076924,235,0.25,1,578692.3647058824
232,1821.3576923076926,236,0.5,2,11077.263157894738
233,10299.694230769232,237,1.8,2,62641.415204678364
234,2950.0653846153846,238,3.25,2,17941.918128654972
235,3615.4269230769232,239,1.375,2,21988.56140350877
236,77006.48846153847,240,0.475,1,471098.5176470589
237,45193.13653846155,241,1.35,2,274858.84210526326
238,96644.42692307691,242,0.425,1,591236.494117647
239,9954.332692307691,243,0.75,2,60540.970760233904
240,111473.89038461537,244,4.125,2,677969.8596491227
241,258.48846153846154,245,8.775,2,1572.093567251462
242,4522.336538461539,246,0.0,2,27504.26900584796
243,104556.2346153846,247,3.3,2,635897.5672514619
244,24257.503846153846,248,1.425,2,147531.01754385966
245,7397.711538461539,249,1.2,2,44991.92982456141
246,215574.3673076923,250,0.0,0,1334507.988095238
247,50198.376923076925,251,0.05,1,307095.9529411765
248,30553.698076923087,252,0.95,2,185823.6608187135
249,38881.46538461539,253,1.125,2,236472.07017543865
250,13401.49615384614,254,7.55,2,81506.1754385964
251,66695.44038461539,255,0.15,1,408019.1647058824
252,12357.448076923076,256,2.45,2,75156.40935672514
253,344.9211538461538,257,4.75,2,2097.766081871345
254,8849.150000000001,258,1.275,2,53819.391812865506
255,2462.0596153846154,259,3.85,2,14973.929824561403
256,2602.8365384615386,260,9.4,2,15830.116959064328
257,21952.70384615385,261,2.375,2,133513.5204678363
258,2681.4653846153847,262,3.4,2,16308.327485380118
259,175899.12884615385,263,0.7,1,1076088.788235294
260,35775.54615384615,264,0.0,2,217582.26900584795
261,14962.213461538468,265,0.725,2,90998.25730994156
262,43741.63846153846,266,0.175,2,266031.01754385966
263,64264.91346153844,267,1.45,2,390850.9356725145
264,25124.198076923083,268,0.15,2,152802.14035087725
265,11419.64807692308,269,2.4,2,69452.83040935674
266,31287.621153846143,270,1.05,2,190287.28654970753
267,126277.95192307688,271,0.0,1,772523.9411764704
268,38469.021153846144,272,0.0,2,233963.63742690053
269,39949.20961538462,273,2.275,2,242965.9532163743
270,1449.525,274,11.25,2,8815.82456140351
271,45682.476923076916,276,2.975,2,277834.947368421
272,20217.851923076923,277,2.675,2,122962.37426900584
273,5014.998076923077,278,0.25,2,30500.573099415204
274,3699.176923076923,279,3.875,2,22497.91812865497
275,1778.6134615384613,280,0.0,2,10817.298245614034
276,36864.92115384615,282,0.6,2,224207.7076023392
277,23316.450000000004,283,1.55,2,141807.64912280705
278,52195.31346153846,284,0.675,2,317445.1812865497
279,94869.06538461537,285,0.175,1,580375.4588235293
280,20412.94423076923,286,1.075,2,124148.90058479532
281,14587.265384615384,287,0.175,2,88717.87134502924
282,10463.488461538462,288,8.125,2,63637.59064327485
283,10310.599999999999,289,0.0,2,62707.74269005847
284,10385.813461538464,290,0.0,2,63165.18128654973
285,31550.011538461542,291,0.3,2,191883.11111111112
286,39495.33461538462,292,2.05,2,240205.54385964916
287,18488.338461538464,293,0.625,2,112443.69590643277
288,25522.400000000005,294,0.275,2,155223.9532163743
289,2300.005769230769,295,1.725,2,13988.33918128655
290,1299.7903846153845,296,1.275,2,7905.157894736841
291,2148.2076923076916,297,6.75,2,13065.122807017538
292,12025.457692307693,298,0.9,2,73137.2865497076
293,34006.053846153845,300,1.825,2,206820.44444444444
294,19960.28076923077,301,1.825,2,121395.85964912281
295,4086.0596153846163,302,2.425,2,24850.888888888894
296,3851.6615384615384,303,0.275,2,23425.309941520467
297,3070.001923076924,304,0.6,2,18671.356725146205
298,70387.49615384618,305,0.0,1,430605.85882352956
299,6427.132692307692,306,2.975,2,39088.994152046784
300,23193.088461538464,307,2.35,2,141057.38011695907
301,23262.96730769231,308,0.25,2,141482.37426900587
302,18371.963461538464,309,0.0,2,111735.91812865499
303,5026.142307692308,310,0.45,2,30568.35087719299
304,11242.673076923076,311,1.075,2,68376.49122807017
305,23135.350000000002,312,0.7,2,140706.22222222225
306,15549.98846153846,313,1.35,2,94573.02923976607
307,44879.58461538461,314,1.125,2,272951.85964912275
308,49831.049999999996,315,0.125,1,304848.7764705882
309,21912.157692307697,316,4.3,2,133266.9239766082
310,209423.6596153846,317,0.0,0,1296432.1785714284
311,35225.91538461538,318,0.225,2,214239.4853801169
312,3311.6057692307686,319,0.0,2,20140.760233918125
313,3736.5269230769236,320,0.45,2,22725.076023391815
314,46115.15961538462,321,1.575,2,280466.4678362573
315,1360.405769230769,322,6.9,2,8273.812865497075
316,5469.780769230769,323,0.75,2,33266.50292397661
317,50616.7,324,0.65,2,307844.2573099415
318,37020.31153846153,325,0.425,2,225152.77192982452
319,10177.628846153846,326,0.225,2,61899.02923976608
320,14313.473076923081,327,5.65,2,87052.70175438598
321,11187.457692307686,328,2.175,2,68040.67836257306
322,4648.657692307692,329,9.775,2,28272.538011695902
323,43448.928846153845,330,0.0,1,265805.21176470583
324,62220.12692307691,331,0.0,1,380640.7764705881
325,3957.3019230769214,332,4.25,2,24067.80116959063
326,67449.58653846155,333,4.975,2,410219.7076023393
327,49312.24423076923,334,0.25,2,299910.7251461988
328,46896.934615384605,335,2.05,2,285221.1228070175
329,71917.84230769234,336,0.275,2,437395.06432748557
330,32755.551923076924,337,0.0,2,199215.05263157896
331,69522.61923076925,338,0.35,2,422827.62573099433
332,21064.274999999994,339,1.025,2,128110.21052631574
333,29644.061538461545,340,1.95,2,180291.36842105267
334,18166.799999999985,341,0.025,2,110488.1403508771
335,92211.5403846154,342,0.525,1,564117.6588235295
336,21353.596153846156,343,0.8,2,129869.82456140353
337,93209.3576923077,344,0.0,1,570221.9529411765
338,65038.09807692305,345,0.025,1,397880.12941176456
339,30446.34615384615,347,3.75,2,185170.76023391812
340,8196.03269230769,348,2.15,2,49847.216374268995
341,51644.557692307695,349,0.0,1,315943.17647058825
342,7832.8461538461515,350,0.325,2,47638.362573099395
343,23223.565384615387,351,4.5,2,141242.73684210528
344,171678.33461538464,352,0.325,0,1062770.642857143
345,17256.155769230772,353,1.175,2,104949.71929824563
346,50679.982692307705,354,0.0,1,310042.2470588236
347,65672.1461538462,355,1.55,2,399409.5438596494
348,5902.8173076923085,356,0.7,2,35900.175438596496
349,18000.405769230776,357,0.125,2,109476.15204678367
350,41202.007692307685,358,0.0,1,252059.3411764705
351,42266.88076923078,359,0.275,2,257061.73099415214
352,79529.7557692308,360,0.35,1,486534.9764705884
353,16527.369230769233,361,0.0,2,100517.33333333336
354,195615.82692307694,362,0.0,0,1210955.119047619
355,5052.657692307694,363,3.95,2,30729.61403508773
356,3324.069230769231,364,2.325,2,20216.561403508775
357,180682.3134615385,365,0.375,0,1118509.5595238097
358,66646.6423076923,366,1.425,2,405336.3040935672
359,3070.659615384615,367,2.175,2,18675.356725146197
360,32667.319230769226,368,5.75,2,198678.43274853798
361,24627.36538461539,369,7.1,2,149780.46783625736
362,12004.874999999998,370,0.325,2,73012.10526315788
363,2935.3057692307693,371,3.475,2,17852.152046783627
364,153646.97884615377,372,0.2,0,951147.9642857137
365,2592.7250000000004,373,0.0,2,15768.619883040938
366,71454.47692307693,374,1.875,2,434576.9356725147
367,62294.980769230766,375,5.85,2,378870.0584795322
368,68866.2096153846,376,0.975,2,418835.4269005847
369,27968.9173076923,377,0.0,2,170103.35672514615
370,51824.43076923077,378,2.2,2,315189.52046783624
371,19487.223076923074,379,0.675,2,118518.78362573097
372,55844.25576923076,380,4.5,2,339637.57894736837
373,50843.98653846154,381,3.6,2,309226.5847953216
374,54105.86346153849,382,6.975,2,329064.9005847955
375,15917.926923076919,383,0.0,2,96810.78362573097
376,18675.003846153846,384,1.375,2,113578.97076023392
377,4713.211538461538,385,8.125,2,28665.14619883041
378,70817.44615384616,386,0.0,1,433236.1411764706
379,10562.440384615385,387,1.25,2,64239.40350877193
380,114775.1076923077,388,0.525,1,702153.6000000001
381,41033.17115384615,389,0.4,2,249558.4678362573
382,2542.3980769230775,390,0.0,2,15462.53801169591
383,3513.8596153846165,391,2.45,2,21370.842105263167
384,21470.671153846153,392,0.0,2,130581.85964912281
385,3882.894230769232,393,3.45,2,23615.263157894744
386,14304.040384615382,394,4.325,2,86995.33333333333
387,76252.93076923075,395,0.0,1,466488.5176470587
388,4821.7711538461535,396,1.1,2,29325.3918128655
389,2572.180769230768,397,0.575,2,15643.672514619875
390,48276.54615384615,398,0.55,2,293611.7426900585
391,2753.671153846154,399,1.975,2,16747.47368421053
392,111962.20576923077,400,2.35,2,680939.730994152
393,2393.2480769230765,401,3.275,2,14555.426900584793
394,87031.1730769231,402,2.85,2,529312.3976608189
395,65.98846153846154,403,7.7,2,401.3333333333333
396,44724.18461538461,404,2.825,2,272006.7368421053
397,27658.64807692307,405,2.425,2,168216.33918128652
398,58031.18076923075,406,0.05,1,355014.28235294105
399,174263.10961538466,407,0.95,1,1066080.2000000004
400,40031.85192307692,408,2.95,2,243468.5730994152
401,11707.16538461539,409,0.0,2,71201.47368421056
402,14106.773076923078,410,3.1,2,85795.57894736843
403,12679.644230769232,411,2.275,2,77115.96491228072
404,97361.36923076925,412,1.35,1,595622.4941176472
405,36855.92499999999,413,1.55,2,224152.9941520467
406,36692.92500000001,414,4.3,2,223161.64912280705
407,4341.105769230769,415,0.85,2,26402.046783625727
408,17404.80961538462,416,2.25,2,105853.8128654971
409,5171.5192307692305,417,0.175,2,31452.51461988304
410,99878.09615384613,418,0.0,1,611018.9411764704
411,43866.89038461538,419,0.375,2,266792.78362573095
412,33631.81346153848,420,1.9,2,204544.3625730995
413,21229.05961538461,421,0.175,2,129112.4093567251
414,87738.07692307692,422,0.725,1,536750.5882352941
415,48121.89230769232,423,3.225,2,292671.1578947369
416,53306.009615384624,424,0.15,1,326107.3529411765
417,8664.686538461541,425,6.25,2,52697.508771929846
418,81430.86923076921,426,0.525,1,498165.31764705875
419,30825.82307692307,427,1.8,2,187478.6900584795
420,79565.78653846157,428,1.125,1,486755.4000000002
421,288.3057692307693,429,6.2,2,1753.4385964912285
422,9972.376923076923,430,3.25,2,60650.713450292395
423,9802.723076923075,431,0.475,2,59618.90058479531
424,42028.20576923075,432,0.0,1,257113.72941176457
425,8302.667307692307,433,0.0,2,50495.754385964916
426,3537.7769230769236,434,0.0,2,21516.304093567254
427,104229.97307692308,435,1.45,1,637642.1882352942
428,114593.6346153846,436,0.0,1,701043.4117647058
429,33173.89615384615,437,1.5,2,201759.36842105264
430,8961.509615384613,438,0.0,2,54502.748538011685
431,77111.775,439,0.0,1,471742.62352941174
432,589868.0846153846,440,0.0,0,3651564.3333333335
433,97281.42692307694,441,0.225,1,595133.4352941178
434,462229.0384615386,442,0.0,0,2861417.857142858
435,4824.136538461538,443,0.0,2,29339.777777777777
436,3602.1403846153853,444,0.65,2,21907.75438596492
437,30749.936538461538,445,0.225,2,187017.15789473685
438,32936.06923076922,446,0.0,2,200312.93567251458
439,2041.8499999999992,447,2.7,2,12418.269005847947
440,4512.367307692308,448,4.05,2,27443.637426900586
441,21451.513461538463,449,3.575,2,130465.34502923976
442,20079.648076923077,450,0.925,2,122121.83625730994
443,9535.096153846154,451,0.05,2,57991.228070175435
444,16784.45,452,0.025,2,102080.86549707603
445,3166.2096153846155,453,0.0,2,19256.479532163743
446,57785.37307692305,454,1.375,2,351443.20467836247
447,24990.75961538462,455,0.9,2,151990.58479532166
448,18732.067307692305,456,0.525,2,113926.02339181285
449,63023.86923076925,457,1.05,2,383303.06432748545
450,26871.234615384612,458,0.05,2,163427.39181286548
451,21758.199999999997,459,0.375,2,132330.5730994152
452,16750.82884615384,460,0.0,2,101876.38596491223
453,4535.978846153847,461,8.875,2,27587.239766081875
454,131280.20000000004,462,1.95,2,798429.2865497078
455,25495.240384615383,463,4.15,2,155058.77192982455
456,92476.85384615386,464,0.65,1,565740.7529411765
457,74312.94999999997,465,2.075,2,451961.80116959044
458,5369.121153846154,466,1.05,2,32654.30409356725
459,12127.330769230772,467,1.825,2,73756.86549707604
460,20443.619230769225,468,1.625,2,124335.46198830404
461,103034.49230769229,469,2.25,2,626642.5263157893
462,7946.855769230769,470,5.3,2,48331.75438596491
463,8859.726923076925,471,1.8,2,53883.719298245625
464,2213.9615384615386,472,1.05,2,13465.029239766081
465,18861.265384615384,473,5.85,2,114711.78947368421
466,10883.919230769232,474,6.15,2,66194.59649122808
467,54685.590384615374,475,0.05,1,334547.1411764705
468,129853.675,476,5.2,2,789753.3450292398
469,70318.53653846153,477,0.9,2,427668.2923976607
470,20781.946153846155,478,0.0,2,126393.12280701754
471,53591.15961538459,479,3.3,2,325934.5380116957
472,34213.98846153846,480,0.55,2,208085.07602339183
473,30019.676923076924,481,5.575,2,182575.81286549708
474,62960.505769230775,482,3.65,2,382917.6959064328
475,7918.159615384616,483,0.0,2,48157.228070175435
476,36948.84038461539,484,0.0,2,224718.09356725152
477,3313.2980769230767,485,0.45,2,20151.052631578943
478,28697.917307692307,486,0.05,2,174537.04093567253
479,368.32499999999993,487,10.125,2,2240.1052631578946
480,7997.421153846153,488,8.85,2,48639.2865497076
481,44663.6326923077,489,4.8,2,271638.46783625736
482,16796.330769230764,490,3.225,2,102153.12280701753
483,120851.69423076922,491,2.25,2,735004.4561403508
484,32791.909615384604,492,1.0,2,199436.1754385964
485,33752.96153846154,493,0.325,2,205281.1695906433
486,2894.43076923077,494,4.375,2,17603.55555555556
487,4333.742307692307,495,8.75,2,26357.263157894733
488,74999.16153846153,496,0.6,2,456135.2514619882
489,34506.29230769229,497,2.275,2,209862.8304093566
490,49610.81346153847,498,1.3,2,301726.5847953217
491,57750.838461538464,499,1.625,2,351233.16959064326
492,9978.915384615388,500,3.55,2,60690.479532163765
493,37994.70961538462,501,0.65,2,231078.93567251466
494,10286.055769230768,502,0.075,2,62558.46783625731
495,116742.79807692308,503,0.0,1,714191.2352941176
496,4705.230769230769,504,3.15,2,28616.608187134498
497,1125.2499999999998,505,7.15,2,6843.625730994151
498,7172.678846153851,506,4.875,2,43623.30994152049
499,38530.876923076925,507,0.825,2,234339.83625730994
500,1917.319230769231,508,3.775,2,11660.88888888889
501,6151.028846153846,509,0.525,2,37409.76608187135
502,18356.490384615376,510,4.95,2,111641.81286549704
503,54834.15769230769,511,3.45,2,333494.2923976608
504,10119.423076923078,512,1.35,2,61545.029239766096
505,29001.144230769227,513,4.95,2,176381.22807017542
506,5863.409615384615,514,3.25,2,35660.5029239766
507,4754.38076923077,515,10.675,2,28915.532163742697
508,20337.45384615384,516,5.2,2,123689.77777777774
509,6576.405769230769,517,1.3,2,39996.85380116959
510,58773.41923076923,518,0.325,2,357452.37426900584
511,12225.201923076924,519,0.15,2,74352.1052631579
512,44912.96538461538,520,6.2,2,273154.8771929825
513,74826.76153846156,521,0.0,1,457763.717647059
514,23533.73653846154,522,0.025,2,143129.15789473685
515,36070.348076923096,523,2.0,2,219375.21637426913
516,8853.582692307693,524,0.625,2,53846.350877192985
517,28905.8,525,0.0,2,175801.3567251462
518,23583.46538461538,526,0.65,2,143431.60233918126
519,35440.08269230769,527,0.0,2,215542.02339181287
520,29266.313461538462,528,0.0,2,177993.95321637427
521,1739.769230769231,530,4.3,2,10581.052631578948
522,10615.80576923077,531,0.0,2,64563.96491228071
523,45113.49807692309,532,0.325,2,274374.4912280703
524,41885.30192307693,533,2.3,2,254741.0175438597
525,48665.255769230775,534,0.0,1,297716.85882352944
526,30760.384615384624,535,1.75,2,187080.701754386
527,240404.13269230764,536,2.225,2,1462107.0058479528
528,39013.66153846153,537,2.05,2,237276.07017543857
529,2308.3403846153856,538,0.0,2,14039.029239766087
530,9667.567307692309,539,0.0,2,58796.90058479532
531,17653.528846153844,540,0.025,2,107366.49122807015
532,23776.92692307692,541,0.0,2,144608.21052631576
533,9338.625000000002,542,0.525,2,56796.315789473694
534,49640.79038461538,544,3.325,2,301908.9005847953
535,29054.450000000004,545,0.0,2,176705.4269005848
536,2815.0461538461536,546,3.55,2,17120.748538011696
537,7860.809615384617,547,0.0,2,47808.43274853802
538,22059.57115384616,548,2.875,2,134163.47368421053
539,89504.37884615386,549,0.65,1,547556.2000000002
540,30273.498076923075,550,4.5,2,184119.52046783626
541,12223.774999999998,551,0.3,2,74343.42690058479
542,6303.963461538463,552,1.5,2,38339.894736842114
543,4961.465384615385,553,0.55,2,30174.994152046787
544,1290.4673076923077,554,9.4,2,7848.456140350877
545,28489.115384615387,555,3.9,2,173267.134502924
546,4516.340384615383,556,4.225,2,27467.80116959064
547,94644.56923076927,557,1.175,1,579002.0705882355
548,1903.3538461538465,558,5.125,2,11575.95321637427
549,126659.09423076923,559,0.65,1,774855.6352941177
550,20011.532692307697,560,0.025,2,121707.56725146201
551,18872.707692307686,561,0.05,2,114781.38011695902
552,4510.084615384616,562,0.0,2,27429.75438596492
553,180086.61923076925,563,0.0,0,1114821.9285714286
554,75665.66346153847,564,0.525,2,460188.83040935674
555,4596.475000000001,565,0.175,2,27955.16959064328
556,4757.138461538461,566,0.0,2,28932.30409356725
557,26083.80192307692,567,0.025,2,158638.32748538008
558,16073.876923076929,568,8.15,2,97759.25146198833
559,21103.10192307692,569,2.55,2,128346.35087719296
560,18317.746153846154,570,5.625,2,111406.17543859649
561,9679.284615384615,571,1.9,2,58868.163742690056
562,15513.132692307689,572,5.85,2,94348.87719298243
563,28201.79615384615,573,0.0,2,171519.69590643272
564,13925.39423076923,574,3.8,2,84692.45614035087
565,67115.16730769229,575,0.025,1,410586.90588235285
566,6786.915384615383,576,1.625,2,41277.1461988304
567,30698.32692307692,577,0.225,2,186703.27485380115
568,183361.99615384615,578,0.525,1,1121743.9764705882
569,12588.076923076924,579,0.35,2,76559.06432748538
570,31053.72692307692,580,0.225,2,188864.77192982455
571,5346.73846153846,581,9.575,2,32518.17543859648
572,319937.8307692307,582,0.225,0,1980567.5238095236
573,20912.56923076923,583,0.05,2,127187.55555555556
574,47135.088461538464,584,0.3,2,286669.5438596491
575,6881.184615384615,585,0.9,2,41850.47953216374
576,39511.178846153845,586,1.275,2,240301.90643274854
577,24671.944230769226,587,0.55,2,150051.59064327483
578,10995.93076923077,588,0.0,2,66875.83625730996
579,23093.707692307693,589,1.375,2,140452.95906432747
580,70881.175,590,0.325,2,431090.1871345029
581,27378.542307692296,591,4.175,2,166512.7719298245
582,15419.582692307693,592,0.225,2,93779.91812865497
583,6525.205769230769,593,2.125,2,39685.461988304094
584,36079.00576923076,594,0.225,2,219427.87134502918
585,28129.05,595,0.325,2,171077.26315789475
586,12611.915384615382,596,0.0,2,76704.04678362572
587,61013.7596153846,597,1.275,2,371077.8362573098
588,24341.34615384615,598,0.675,2,148040.9356725146
589,35528.30384615385,599,1.125,2,216078.57309941525
590,12238.607692307693,600,3.9,2,74433.63742690059
591,59324.50769230766,601,3.35,2,360804.0233918127
592,9485.871153846154,603,5.1,2,57691.84795321638
593,15661.401923076928,604,2.775,2,95250.6315789474
594,32558.517307692324,605,0.5,2,198016.71345029247
595,13091.398076923077,606,0.0,2,79620.19883040935
596,17904.175000000003,607,0.375,2,108890.8888888889
597,37221.11538461539,608,0.0,2,226374.03508771936
598,39817.75576923077,609,0.65,2,242166.4678362573
599,16589.561538461538,610,3.475,2,100895.57894736843
600,4618.457692307692,611,2.325,2,28088.86549707602
601,62744.62884615383,612,3.625,2,381604.760233918
602,520.523076923077,613,7.05,2,3165.754385964913
603,2225.078846153845,614,7.45,2,13532.643274853794
604,20117.22692307692,615,5.85,2,122350.38596491226
605,5424.592307692308,616,3.9,2,32991.67251461989
606,23667.67692307692,617,2.85,2,143943.76608187132
607,11381.819230769228,618,2.95,2,69222.7602339181
608,4937.386538461537,619,3.55,2,30028.549707602335
609,3201.236538461538,620,10.35,2,19469.50877192982
610,71890.90000000001,621,0.4,2,437231.20467836264
611,6605.67307692308,622,6.15,2,40174.85380116961
612,44639.401923076926,624,2.025,2,271491.09941520466
613,7469.803846153848,625,3.425,2,45430.38596491229
614,16387.55576923077,626,5.2,2,99667.00584795322
615,11647.050000000001,627,0.35,2,70835.85964912282
616,2629.4692307692303,628,9.45,2,15992.093567251459
617,15561.473076923077,629,0.0,2,94642.87719298246
618,13028.538461538463,630,0.975,2,79237.89473684212
619,9778.746153846156,632,0.5,2,59473.076023391826
620,48069.17884615385,633,0.675,2,292350.5614035088
621,11623.874999999998,634,5.65,2,70694.91228070174
622,34732.55961538461,635,0.05,2,211238.95906432747
623,21243.848076923074,636,1.825,2,129202.35087719296
624,48326.71153846154,637,0.0,1,295645.76470588235
625,38775.21153846154,638,1.325,2,235825.84795321638
626,3223.319230769231,639,0.05,2,19603.81286549708
627,2447.021153846153,640,7.075,2,14882.467836257305
628,5862.936538461538,641,2.6,2,35657.62573099415
629,6023.790384615383,642,8.325,2,36635.91812865496
630,5415.478846153846,643,0.5,2,32936.245614035084
631,7071.459615384616,644,7.425,2,43007.707602339186
632,26042.507692307692,645,0.075,2,158387.18128654972
633,5254.642307692307,646,4.375,2,31958.058479532163
634,13458.832692307693,647,0.0,2,81854.88888888889
635,11787.913461538461,648,3.5,2,71692.57309941521
636,17152.553846153845,649,0.0,2,104319.62573099416
637,107666.52692307695,650,0.675,1,658665.811764706
638,56830.89230769234,651,0.0,1,347671.3411764708
639,58504.76538461538,652,1.775,2,355818.45614035084
640,8590.776923076923,653,1.9,2,52248.0
641,38552.725,654,0.325,2,234472.7134502924
642,31043.35576923077,655,0.725,2,188801.69590643275
643,9416.561538461536,656,0.0,2,57270.315789473665
644,95338.23653846153,657,6.55,2,579834.8888888888
645,26863.774999999994,658,1.1,2,163382.02339181284
646,14506.271153846144,659,0.9,2,88225.27485380112
647,6049.969230769232,660,0.0,2,36795.13450292399
648,22883.321153846155,661,0.875,2,139173.41520467837
649,16389.69038461538,662,1.8,2,99679.98830409354
650,25938.026923076923,663,0.025,2,157751.74269005848
651,2636.6000000000004,664,6.825,2,16035.461988304096
652,7593.3538461538465,665,0.95,2,46181.801169590646
653,3764.603846153847,666,2.6,2,22895.836257309948
654,12744.378846153844,667,3.85,2,77509.67251461987
655,4802.692307692308,668,2.7,2,29209.356725146197
656,14146.105769230766,669,1.125,2,86034.7953216374
657,5143.748076923076,670,6.95,2,31283.614035087714
658,192507.43461538467,671,1.725,2,1170805.450292398
659,25170.882692307692,672,0.125,2,153086.0701754386
660,100402.44423076924,673,0.3,1,614226.7176470589
661,15616.85769230769,674,0.0,2,94979.7192982456
662,79397.65576923075,675,0.0,1,485726.83529411757
663,25238.313461538462,676,0.525,2,153496.1754385965
664,28744.044230769225,677,0.125,2,174817.57894736837
665,77041.61730769233,678,0.5,1,471313.4235294119
666,48207.211538461546,679,5.425,2,293190.0584795322
667,29881.840384615374,680,0.175,2,181737.50877192977
668,3882.659615384614,681,9.325,2,23613.836257309933
669,35101.44807692307,682,0.525,2,213482.49122807014
670,20191.58653846154,683,0.45,2,122802.63157894737
671,7566.846153846154,684,0.4,2,46020.584795321636
672,69735.98461538463,685,0.025,1,426620.1411764707
673,78241.55769230767,686,0.025,1,478654.23529411753
674,37832.07115384616,687,1.1,2,230089.78947368424
675,10778.255769230775,688,0.9,2,65551.96491228073
676,30698.892307692306,689,0.925,2,186706.7134502924
677,3269.4711538461534,690,1.7,2,19884.502923976605
678,17390.817307692305,691,1.1,2,105768.71345029237
679,7843.217307692304,692,2.25,2,47701.4385964912
680,200167.73653846156,693,0.0,0,1239133.6071428573
681,10487.53076923077,694,0.675,2,63783.812865497086
682,30523.34423076924,695,5.85,2,185639.052631579
683,11091.959615384618,696,0.025,2,67459.87134502926
684,2426.109615384615,697,2.675,2,14755.2865497076
685,16233.832692307693,698,0.375,2,98732.08187134503
686,96888.99038461539,699,0.0,1,592732.6470588235
687,25551.598076923077,700,0.45,2,155401.5321637427
688,10969.434615384616,701,0.0,2,66714.69005847954
689,3526.0923076923077,702,0.025,2,21445.23976608187
690,2709.840384615384,703,1.475,2,16480.90058479532
691,38333.415384615386,704,0.0,2,233138.9005847953
692,8066.657692307694,705,8.075,2,49060.37426900586
693,26947.357692307694,706,0.0,2,163890.36257309944
694,12498.013461538467,707,0.0,2,76011.3099415205
695,25165.348076923077,709,0.0,2,153052.40935672514
696,79490.68653846151,710,0.0,1,486295.9647058821
697,31726.836538461524,711,2.4,2,192958.5380116958
698,103293.75384615384,712,1.45,1,631914.7294117647
699,379.1923076923076,713,4.55,2,2306.1988304093566
700,231433.34615384607,714,2.7,2,1407547.8362573094
701,1756.1615384615386,715,3.425,2,10680.748538011698
702,34052.67307692308,716,1.4,2,207103.97660818713
703,73819.225,717,2.1,2,448959.02923976607
704,83036.84038461538,718,0.75,1,507990.0823529412
705,46789.34423076922,719,0.45,2,284566.7719298245
706,3361.013461538462,720,6.525,2,20441.251461988308
707,10871.10576923077,721,3.4,2,66116.66666666667
708,8178.423076923076,722,3.35,2,49740.116959064326
709,459269.0519230769,723,0.0,0,2843094.130952381
710,2985.2711538461544,724,2.4,2,18156.0350877193
711,2626.009615384616,725,2.925,2,15971.052631578952
712,41108.532692307694,726,7.275,2,250016.80701754385
713,86358.61538461538,727,0.0,1,528311.5294117647
714,17493.513461538463,728,0.0,2,106393.29824561403
715,215763.8346153846,729,1.275,1,1319966.9882352941
716,107712.21346153846,730,0.0,1,658945.3058823529
717,8584.465384615385,731,2.95,2,52209.61403508772
718,9741.603846153852,732,0.0,2,59247.18128654974
719,5318.561538461537,733,0.725,2,32346.807017543848
720,4513.761538461537,734,0.15,2,27452.116959064322
721,9957.246153846154,735,2.725,2,60558.69005847953
722,38524.240384615376,736,0.0,2,234299.47368421048
723,5017.194230769231,737,5.05,2,30513.929824561405
724,4483.657692307693,738,0.0,2,27269.02923976608
725,60206.94038461537,739,0.925,2,366170.86549707595
726,1269.3134615384613,740,5.85,2,7719.801169590642
727,28133.465384615374,741,1.575,2,171104.11695906427
728,5987.882692307692,742,0.0,2,36417.53216374269
729,9487.086538461537,743,0.65,2,57699.23976608186
730,10972.730769230766,744,8.45,2,66734.73684210524
731,3637.978846153847,745,3.275,2,22125.719298245618
732,9262.563461538459,746,0.825,2,56333.71929824559
733,4794.282692307691,747,5.725,2,29158.21052631578
734,60449.250000000015,748,1.375,2,367644.5614035089
735,21731.932692307695,749,3.5,2,132170.8187134503
736,5400.275000000001,750,1.75,2,32843.77777777778
737,371.87307692307695,751,6.75,2,2261.684210526316
738,379.79807692307696,752,5.4,2,2309.883040935673
739,14098.051923076922,754,2.35,2,85742.53801169591
740,8485.759615384617,755,0.375,2,51609.298245614045
741,14242.2,756,0.225,2,86619.22807017544
742,34581.130769230775,757,2.2,2,210317.9883040936
743,13474.961538461537,758,0.55,2,81952.98245614034
744,5895.5980769230755,759,0.2,2,35856.26900584794
745,113142.20769230768,760,0.0,1,692164.094117647
746,11053.359615384614,761,2.825,2,67225.1111111111
747,94718.39423076926,762,0.0,1,579453.7058823531
748,5456.4038461538485,763,2.175,2,33185.14619883043
749,15272.96730769231,764,3.525,2,92888.22222222223
750,14486.313461538462,765,3.25,2,88103.8947368421
751,4647.859615384615,766,1.875,2,28267.68421052631
752,64208.746153846165,767,2.175,2,390509.33333333343
753,2083.3923076923083,768,3.725,2,12670.92397660819
754,31398.326923076926,769,0.475,2,190960.58479532166
755,18325.696153846155,770,0.7,2,111454.52631578948
756,27044.040384615382,771,0.0,2,164478.3742690058
757,32640.257692307678,772,2.125,2,198513.8479532163
758,20951.448076923072,773,0.325,2,127424.01169590642
759,181191.36923076925,774,0.325,0,1121660.8571428573
760,7794.046153846155,775,0.9,2,47402.38596491229
761,8316.85576923077,776,0.0,2,50582.04678362573
762,54938.984615384616,777,1.7,2,334131.83625730994
763,18245.173076923078,778,1.85,2,110964.79532163743
764,8631.146153846155,779,0.0,2,52493.52046783627
765,1713.517307692308,780,2.275,2,10421.391812865499
766,7039.759615384614,781,6.2,2,42814.91228070175
767,23066.790384615386,782,0.825,2,140289.25146198831
768,74168.49615384616,783,0.325,2,451083.2514619884
769,15723.405769230769,784,0.225,2,95627.73099415205
770,16130.025,785,6.25,2,98100.73684210527
771,3590.1865384615376,786,0.0,2,21835.052631578943
772,1926.0038461538466,787,2.575,2,11713.707602339184
773,89680.5019230769,788,0.6,1,548633.6588235293
774,58678.48076923075,789,0.1,1,358974.23529411753
775,26027.742307692304,790,0.0,2,158297.38011695904
776,13325.338461538466,791,0.3,2,81042.9941520468
777,54548.294230769214,792,0.875,2,331755.7076023391
778,2293.1615384615384,793,8.5,2,13946.713450292398
779,73343.02692307693,794,0.075,1,448686.7529411765
780,4448.098076923077,795,4.0,2,27052.76023391813
781,34234.71538461539,796,1.275,2,208211.13450292402
782,106699.48653846156,797,3.25,2,648932.5497076025
783,22895.151923076923,798,0.0,2,139245.36842105264
784,17584.988461538465,799,0.0,2,106949.6374269006
785,28219.74615384615,800,0.0,2,171628.865497076
786,109769.00576923075,801,0.35,1,671528.0352941175
787,4045.1403846153844,802,5.3,2,24602.023391812865
788,23845.240384615376,803,0.0,2,145023.68421052626
789,2623.165384615383,804,2.7,2,15953.754385964905
790,5862.41923076923,805,0.0,2,35654.479532163736
791,23529.64807692308,806,1.225,2,143104.29239766084
792,13594.290384615388,807,0.65,2,82678.72514619885
793,14443.78653846154,808,0.0,2,87845.25146198831
794,8678.973076923077,809,5.45,2,52784.397660818715
795,4754.788461538462,810,0.0,2,28918.011695906433
796,37634.24038461538,811,0.675,2,228886.6081871345
797,2950.0115384615383,812,2.575,2,17941.590643274852
798,14655.042307692307,813,4.05,2,89130.08187134503
799,6443.678846153845,814,3.65,2,39189.62573099415
800,22567.248076923082,815,0.0,2,137251.09941520472
801,22078.038461538465,816,0.15,2,134275.78947368424
802,13306.376923076921,817,1.775,2,80927.67251461987
803,68121.75,818,0.125,1,416744.82352941175
804,35224.21346153846,819,0.1,2,214229.13450292393
805,23995.848076923077,820,3.275,2,145939.66081871346
806,7405.109615384616,821,0.0,2,45036.92397660819
807,14331.044230769228,822,5.55,2,87159.56725146198
808,24298.746153846158,823,0.0,2,147781.8479532164
809,18641.384615384617,824,0.325,2,113374.50292397662
810,15102.423076923082,825,0.225,2,91850.99415204681
811,79047.88653846153,826,0.0,1,483587.0705882353
812,15986.436538461541,827,0.0,2,97227.45029239768
813,2189.7269230769234,828,1.8,2,13317.637426900588
814,19423.76923076923,829,0.0,2,118132.86549707603
815,10639.176923076924,830,1.825,2,64706.10526315791
816,2471.3500000000004,831,1.3,2,15030.432748538014
817,19366.74038461539,832,0.0,2,117786.02339181291
818,51530.54807692307,833,0.875,2,313402.16374269
819,22061.286538461536,834,5.275,2,134173.9064327485
820,7072.078846153847,835,0.0,2,43011.473684210534
821,24602.982692307687,836,0.375,2,149632.17543859646
822,37942.88846153846,837,0.0,2,230763.76608187135
823,42587.43269230769,838,2.425,2,259011.28654970755
824,6311.857692307693,839,0.05,2,38387.90643274854
825,1996.2461538461534,840,1.125,2,12140.912280701752
826,58291.98846153845,841,2.225,2,354524.3742690058
827,49014.68846153848,842,3.55,2,298101.0292397662
828,41650.328846153854,843,0.0,1,254802.01176470594
829,14935.188461538459,844,3.85,2,90833.89473684208
830,2327.442307692307,845,3.075,2,14155.20467836257
831,12414.674999999997,846,6.225,2,75504.45614035087
832,18364.68269230769,847,2.425,2,111691.63742690059
833,10907.865384615383,848,0.55,2,66340.23391812864
834,7850.980769230768,849,2.375,2,47748.654970760224
835,6477.0980769230755,850,5.15,2,39392.87719298244
836,10413.303846153847,851,0.225,2,63332.37426900586
837,123073.71538461535,852,0.0,1,752921.5529411762
838,5548.196153846152,853,5.275,2,33743.41520467835
839,10055.942307692307,854,2.65,2,61158.94736842104
840,6631.469230769231,855,4.225,2,40331.742690058476
841,6735.736538461539,856,0.0,2,40965.883040935674
842,1570.1903846153846,857,6.825,2,9549.69590643275
843,5235.432692307693,858,0.0,2,31841.228070175443
844,6287.048076923077,859,2.25,2,38237.01754385965
845,918.4403846153842,860,6.825,2,5585.836257309939
846,8296.249999999998,861,0.0,2,50456.72514619882
847,6578.265384615384,862,0.575,2,40008.163742690056
848,8989.26153846154,863,0.15,2,54671.532163742704
849,29125.482692307705,864,0.825,2,177137.43859649132
850,17553.546153846153,865,1.9,2,106758.40935672514
851,3669.573076923077,866,0.75,2,22317.87134502924
852,19202.388461538463,867,1.55,2,116786.45614035087
853,8077.332692307692,868,4.4,2,49125.29824561404
854,5126.696153846154,869,0.0,2,31179.90643274854
855,2410.4365384615385,870,0.65,2,14659.964912280702
856,30977.546153846157,871,0.375,2,188401.45029239767
857,20411.153846153848,872,0.0,2,124138.01169590643
858,39688.66153846154,873,0.65,2,241381.33333333337
859,58346.155769230754,874,0.0,1,356941.188235294
860,771.1403846153846,875,6.15,2,4689.976608187135
861,1329.146153846154,876,9.3,2,8083.69590643275
862,14175.269230769238,877,8.175,2,86212.1637426901
863,49313.17500000001,878,0.0,1,301680.6000000001
864,13039.509615384613,879,1.95,2,79304.61988304093
865,13663.23461538461,880,4.425,2,83098.03508771927
866,4667.0692307692325,881,4.35,2,28384.51461988305
867,4269.288461538462,882,3.575,2,25965.263157894737
868,1256.5346153846156,883,1.95,2,7642.081871345031
869,72762.53269230765,884,0.225,2,442532.36257309915
870,19870.051923076924,885,0.15,2,120847.09941520468
871,5908.5250000000015,886,5.025,2,35934.8888888889
872,8031.290384615386,887,0.0,2,48845.27485380117
873,8775.388461538461,888,0.175,2,53370.783625731
874,30559.801923076924,889,0.525,2,185860.78362573098
875,30926.150000000012,890,6.5,2,188088.8654970761
876,1103.6788461538467,891,0.0,2,6712.432748538015
877,35138.75192307692,892,3.375,2,213709.36842105258
878,23172.70769230769,893,1.775,2,140933.42690058477
879,11740.044230769232,894,0.9,2,71401.43859649124
880,5959.442307692307,895,0.0,2,36244.561403508764
881,5667.832692307693,896,0.225,2,34471.02923976609
882,6410.005769230769,897,0.275,2,38984.83040935673
883,4487.092307692307,898,6.4,2,27289.918128654972
884,1587.4596153846153,899,1.4,2,9654.72514619883
885,34493.584615384614,900,4.175,2,209785.54385964913
886,22242.42692307692,901,0.575,2,135275.5789473684
887,24889.142307692306,902,0.85,2,151372.56140350876
888,83873.16923076924,903,0.075,1,513106.4470588236
889,8210.999999999998,904,0.0,2,49938.24561403508
890,2333.382692307692,905,7.425,2,14191.333333333334
891,6074.188461538461,906,0.0,2,36942.432748538005
892,3322.600000000001,907,4.7,2,20207.625730994157
893,5256.011538461538,908,0.95,2,31966.385964912282
894,10831.998076923075,909,0.675,2,65878.81871345028
895,11052.240384615383,910,4.125,2,67218.30409356725
896,7821.846153846154,911,0.0,2,47571.461988304094
897,24133.653846153844,912,0.0,2,146777.77777777775
898,4650.653846153847,914,1.125,2,28284.678362573104
899,42170.12884615386,915,0.3,2,256473.29824561413
900,1523.221153846154,916,8.025,2,9264.0350877193
901,41488.53461538462,917,0.0,1,253812.21176470592
902,14784.363461538462,918,0.0,2,89916.59649122808
903,3845.3730769230765,919,3.0,2,23387.06432748538
904,6696.759615384617,920,0.0,2,40728.830409356735
905,9125.682692307693,921,0.45,2,55501.22807017545
906,10475.715384615385,922,3.1,2,63711.95321637427
907,20431.438461538466,923,0.0,2,124261.38011695909
908,32673.759615384617,924,1.65,2,198717.6023391813
909,4124.215384615385,925,0.425,2,25082.947368421057
910,10478.067307692309,926,0.0,2,63726.257309941524
911,3989.68269230769,927,6.525,2,24264.73684210525
912,8511.55576923077,928,1.0,2,51766.187134502936
913,36022.61538461539,929,0.075,2,219084.9122807018
914,7578.138461538462,931,0.95,2,46089.26315789474
915,27833.515384615388,932,0.0,2,169279.85964912284
916,550.9942307692307,933,7.425,2,3351.0760233918127
917,53163.96923076924,934,0.525,2,323336.42105263163
918,4948.532692307692,935,0.475,2,30096.339181286545
919,15870.471153846152,936,1.8,2,96522.16374269004
920,38613.17692307692,937,0.0,2,234840.37426900584
921,47100.99807692308,938,0.0,1,288147.2823529412
922,119520.35192307695,939,3.7,2,726907.4035087721
923,24991.805769230767,940,0.0,2,151996.94736842104
924,9682.038461538463,941,0.0,2,58884.91228070176
925,25214.83076923076,942,0.0,2,153353.35672514615
926,36147.907692307694,943,0.575,2,219846.92397660817
927,4776.986538461538,944,0.0,2,29053.017543859645
928,7841.811538461538,945,1.4,2,47692.88888888888
929,6504.986538461539,946,0.225,2,39562.491228070176
930,17792.048076923074,947,0.0,2,108208.94736842102
931,15443.821153846153,948,0.0,2,93927.33333333333
932,8636.51923076923,949,1.175,2,52526.198830409354
933,16307.980769230775,950,0.0,2,99183.04093567256
934,312233.08653846156,951,0.275,0,1932871.488095238
935,43812.84615384616,952,0.1,1,268031.52941176476
936,17693.488461538458,953,3.15,2,107609.52046783624
937,67130.97692307693,954,0.8,2,408281.9649122808
938,8221.373076923079,955,0.0,2,50001.33333333334
939,15825.423076923078,956,1.125,2,96248.18713450294
940,1752.4750000000004,957,0.7,2,10658.32748538012
941,26622.78076923077,958,1.025,2,161916.3274853801
942,8950.288461538463,959,0.0,2,54434.50292397662
943,33377.036538461536,960,1.425,2,202994.84210526315
944,22982.648076923077,961,0.175,2,139777.50877192983
945,44338.80961538462,962,0.0,1,271249.18823529413
946,66544.79807692305,963,0.65,2,404716.90058479516
947,42467.28653846154,965,0.0,1,259799.87058823532
948,72546.12692307692,966,0.025,1,443811.60000000003
949,26295.34423076923,967,4.25,2,159924.9005847953
950,7538.428846153848,968,3.25,2,45847.75438596492
951,58483.378846153835,969,0.0,1,357780.6705882352
952,21480.669230769236,970,5.5,2,130642.66666666669
953,1736.8692307692309,971,0.0,2,10563.415204678362
954,2301.742307692308,972,9.825,2,13998.900584795321
955,22838.94230769231,973,0.225,2,138903.50877192983
956,36624.23461538464,974,3.525,2,222743.8830409358
957,54600.60384615384,975,0.0,1,334027.22352941177
958,22571.211538461546,976,0.0,2,137275.2046783626
959,4454.715384615385,977,1.75,2,27093.005847953224
960,634.1730769230771,978,6.875,2,3856.959064327487
961,13414.688461538457,979,0.0,2,81586.40935672511
962,49526.15192307693,980,0.0,1,302983.5176470589
963,91473.32884615383,981,0.0,1,559601.5411764706
964,19111.124999999996,982,2.35,2,116231.40350877191
965,682.9884615384615,983,4.875,2,4153.847953216374
966,254916.53269230766,984,0.45,0,1578054.726190476
967,1547.9,985,1.025,2,9414.12865497076
968,30821.305769230774,986,0.0,2,187451.21637426902
969,75708.09615384614,987,1.675,2,460446.9005847952
970,5306.711538461536,988,0.6,2,32274.736842105252
971,142267.02692307692,989,0.75,1,870339.4588235293
972,28939.4173076923,990,0.15,2,176005.81286549702
973,38069.81153846152,991,2.025,2,231535.69590643267
974,3195.2269230769225,992,3.2,2,19432.959064327482
975,12406.380769230771,993,0.0,2,75454.01169590645
976,2381.0596153846154,994,3.525,2,14481.298245614034
977,25897.175,995,2.375,2,157503.2865497076
978,44376.24038461538,996,0.0,1,271478.17647058825
979,36805.69615384616,997,0.0,2,223847.50877192986
980,8016.465384615386,998,1.425,2,48755.111111111124
981,558.3826923076924,999,0.7,2,3396.0116959064335
982,28259.3326923077,1000,0.075,2,171869.6257309942
983,5503.624999999998,1001,0.625,2,33472.33918128654
984,4675.413461538461,1002,0.0,2,28435.263157894733
985,3155.1461538461544,1003,5.475,2,19189.192982456145
986,74130.31730769231,1004,0.4,2,450851.05263157893
987,23581.442307692305,1005,2.725,2,143419.29824561402
988,63351.64615384616,1007,0.0,1,387563.0117647059
989,19496.05576923077,1008,1.625,2,118572.50292397662
990,47824.532692307694,1009,0.025,1,292573.6117647059
991,1652.4461538461542,1010,7.875,2,10049.964912280702
992,18597.942307692312,1011,0.0,2,113110.29239766084
993,3867.913461538461,1012,6.825,2,23524.152046783624
994,424.0557692307692,1013,6.75,2,2579.0526315789475
995,3368.925,1014,0.375,2,20489.36842105263
996,93745.5173076923,1015,1.1,1,573501.988235294
997,54216.65384615384,1016,0.875,2,329738.71345029236
998,1255.9307692307693,1017,10.05,2,7638.409356725147
999,8104.9038461538485,1018,0.475,2,49292.98245614036
1000,56800.459615384614,1019,1.1,2,345453.08771929826
1001,44389.60000000002,1020,1.575,2,269971.83625731006
1002,2511.653846153846,1021,9.975,2,15275.555555555555
1003,29809.607692307694,1022,2.175,2,181298.19883040938
1004,1351.7653846153844,1023,4.95,2,8221.263157894735
1005,42582.56923076922,1024,5.2,2,258981.70760233913
1006,9750.261538461536,1025,2.725,2,59299.83625730993
1007,1134.0096153846152,1027,8.75,2,6896.90058479532
1008,1991.0134615384618,1028,2.575,2,12109.087719298246
1009,13522.873076923071,1029,0.7,2,82244.37426900581
1010,54439.98653846154,1030,2.15,2,331096.9941520468
1011,44872.55192307693,1031,0.0,1,274514.43529411766
1012,1473.2615384615383,1032,4.55,2,8960.187134502923
1013,36256.2576923077,1033,1.75,2,220505.89473684214
1014,49292.784615384604,1034,2.85,2,299792.3742690058
1015,7135.0173076923065,1035,5.925,2,43394.25730994152
1016,45908.10192307694,1036,0.0,1,280849.56470588245
1017,2903.432692307692,1037,4.525,2,17658.304093567247
1018,26257.469230769224,1038,8.4,2,159694.5497076023
1019,17060.324999999997,1039,2.575,2,103758.70175438594
1020,23712.634615384617,1040,2.25,2,144217.19298245615
1021,8417.913461538461,1041,4.55,2,51196.666666666664
1022,34463.37692307691,1042,1.025,2,209601.82456140342
1023,22305.688461538466,1043,7.2,2,135660.32748538014
1024,54826.87115384615,1044,3.25,2,333449.97660818713
1025,48339.80192307692,1045,6.275,2,293996.4561403509
1026,41053.37499999999,1046,3.05,2,249681.34502923972
1027,28189.698076923076,1047,0.0,2,171446.11695906433
1028,33270.14615384616,1048,3.8,2,202344.74853801174
1029,41236.211538461546,1049,0.975,2,250793.33333333337
1030,28173.615384615387,1050,1.475,2,171348.30409356728
1031,19754.109615384616,1051,0.5,2,120141.95321637427
1032,499.4961538461538,1052,3.875,2,3037.8713450292394
1033,7622.223076923076,1053,0.175,2,46357.38011695906
1034,64734.275,1054,0.0,1,396021.44705882354
1035,7950.567307692309,1055,5.2,2,48354.32748538013
1036,2411.086538461538,1056,0.0,2,14663.918128654968
1037,18752.824999999993,1057,0.325,2,114052.2690058479
1038,5994.484615384616,1058,0.0,2,36457.68421052631
1039,8605.33846153846,1059,0.0,2,52336.561403508764
1040,2054.211538461538,1060,3.9,2,12493.450292397658
1041,838.325,1061,4.775,2,5098.584795321637
1042,106331.8596153846,1062,0.0,1,650500.788235294
1043,14700.51153846154,1063,0.875,2,89406.61988304094
1044,682.1826923076924,1064,2.4,2,4148.947368421053
1045,25093.630769230767,1065,0.45,2,152616.23391812862
1046,2255.011538461539,1066,0.025,2,13714.690058479538
1047,23151.471153846156,1067,0.025,2,140804.26900584798
1048,4382.017307692307,1068,0.425,2,26650.86549707602
1049,22172.609615384616,1069,2.875,2,134850.95906432747
1050,35062.02307692308,1070,0.325,2,213242.7134502924
1051,9393.334615384614,1071,7.05,2,57129.05263157894
1052,23598.02692307692,1072,0.0,2,143520.16374269003
1053,8201.586538461537,1073,0.05,2,49880.99415204677
1054,2428.3423076923077,1074,4.475,2,14768.865497076024
1055,23889.4673076923,1075,0.375,2,145292.66666666663
1056,25651.611538461533,1076,0.0,2,156009.80116959062
1057,5479.83076923077,1077,0.025,2,33327.62573099416
1058,14895.198076923081,1078,0.05,2,90590.67836257312
1059,38477.83269230769,1080,0.0,2,234017.22807017545
1060,28639.105769230773,1081,1.85,2,174179.3567251462
1061,81180.93461538464,1082,0.525,1,496636.3058823531
1062,71254.5173076923,1083,0.025,1,435909.98823529406
1063,65238.34423076926,1084,1.575,2,396771.21637426916
1064,41723.257692307685,1085,2.675,2,253755.4853801169
1065,9381.609615384614,1086,0.0,2,57057.74269005847
1066,49857.57307692309,1087,0.0,1,305011.03529411776
1067,75167.89038461537,1088,1.5,2,457161.4385964911
1068,41030.38653846155,1089,0.075,1,251009.42352941184
1069,29384.700000000004,1090,0.0,2,178713.96491228073
1070,11159.021153846154,1091,0.6,2,67867.73099415205
1071,38796.3096153846,1092,0.625,2,235954.16374268997
1072,3879.715384615384,1093,0.625,2,23595.9298245614
1073,55342.56346153846,1094,2.25,2,336586.350877193
1074,20430.64230769231,1095,0.375,2,124256.53801169591
1075,3118.6403846153844,1096,5.75,2,18967.169590643276
1076,13426.332692307691,1097,1.475,2,81657.22807017542
1077,36074.86538461538,1098,0.0,2,219402.69005847952
1078,3496.2788461538466,1099,0.75,2,21263.918128654972
1079,15448.694230769226,1100,0.0,2,93956.97076023389
1080,179.4307692307692,1101,9.65,2,1091.2748538011692
1081,7970.499999999998,1102,0.0,2,48475.55555555555
1082,53139.3596153846,1103,0.35,2,323186.7485380116
1083,102656.39615384614,1104,0.7,1,628015.6
1084,125849.2519230769,1105,0.25,1,769901.3058823528
1085,13458.736538461535,1106,1.475,2,81854.30409356723
1086,38087.60576923077,1107,0.15,2,231643.918128655
1087,1139.6538461538462,1108,0.825,2,6931.228070175439
1088,10323.567307692309,1109,4.125,2,62786.6081871345
1089,3342.4326923076924,1110,2.425,2,20328.245614035088
1090,8934.215384615385,1111,1.225,2,54336.74853801169
1091,7437.68653846154,1112,1.2,2,45235.05263157896
1092,2780.3576923076917,1113,0.95,2,16909.777777777774
1093,30816.486538461537,1114,0.0,2,187421.90643274854
1094,36469.24615384616,1115,0.0,2,221801.26315789478
1095,19478.60961538462,1116,0.0,2,118466.39766081874
1096,16633.240384615383,1117,0.0,2,101161.22807017544
1097,23910.06923076923,1118,1.0,2,145417.9649122807
1098,181.65961538461536,1119,9.75,2,1104.8304093567249
1099,13949.405769230769,1120,0.725,2,84838.49122807017
1100,2675.575,1121,5.55,2,16272.502923976608
1101,634.273076923077,1122,5.05,2,3857.567251461989
1102,38464.08653846153,1123,0.0,2,233933.6257309941
1103,19137.048076923074,1124,0.125,2,116389.06432748536
1104,33318.330769230764,1125,3.825,2,202637.8011695906
1105,30775.696153846155,1126,0.0,2,187173.8245614035
1106,6635.078846153845,1127,0.9,2,40353.695906432746
1107,4691.9346153846145,1128,0.0,2,28535.742690058472
1108,27292.440384615387,1129,2.45,2,165989.11111111112
1109,40146.76923076923,1130,1.8,2,244167.4853801169
1110,10065.788461538463,1132,1.3,2,61218.830409356735
1111,44582.81730769232,1133,0.0,1,272741.94117647066
1112,26523.71538461538,1134,4.2,2,161313.82456140348
1113,10425.59230769231,1135,0.0,2,63407.111111111124
1114,59904.55576923078,1136,2.6,2,364331.8011695907
1115,14986.634615384615,1137,0.45,2,91146.783625731
1116,2511.488461538462,1138,1.95,2,15274.549707602342
1117,39688.094230769224,1139,0.075,2,241377.88304093562
1118,5702.469230769231,1140,2.125,2,34681.68421052631
1119,16281.23461538462,1141,0.125,2,99020.37426900587
1120,3603.8634615384617,1142,0.0,2,21918.233918128655
1121,51391.70192307692,1144,0.7,2,312557.7192982456
1122,73066.54615384615,1145,0.1,1,446995.34117647057
1123,2550.978846153846,1146,7.925,2,15514.72514619883
1124,13975.657692307694,1147,0.875,2,84998.15204678364
1125,4600.880769230769,1148,0.0,2,27981.964912280702
1126,2521.01923076923,1149,6.1,2,15332.514619883035
1127,28851.575000000004,1150,0.25,2,175471.56725146202
1128,25084.35769230769,1151,0.975,2,152559.83625730994
1129,47887.9576923077,1152,0.0,1,292961.6235294118
1130,4337.567307692308,1153,0.0,2,26380.526315789473
1131,26085.861538461533,1154,1.275,2,158650.85380116958
1132,738.7057692307693,1155,4.2,2,4492.713450292398
1133,75737.56153846154,1156,0.55,1,463335.6705882353
1134,7419.559615384615,1157,8.45,2,45124.80701754386
1135,39601.19807692307,1158,0.0,2,240849.39181286545
1136,41754.15769230768,1159,0.0,1,255437.19999999992
1137,19793.39423076923,1160,0.025,2,120380.87719298246
1138,25861.544230769225,1161,0.075,2,157286.5847953216
1139,46587.28653846154,1162,1.175,2,283337.88304093573
1140,5088.25769230769,1163,1.8,2,30946.12865497075
1141,35217.350000000006,1164,0.0,2,214187.39181286554
1142,12894.990384615385,1165,2.7,2,78425.67251461989
1143,19091.81923076923,1166,0.275,2,116113.98830409357
1144,16941.761538461535,1167,0.0,2,103037.6140350877
1145,5853.199999999999,1168,3.775,2,35598.40935672514
1146,2547.7211538461543,1169,0.925,2,15494.912280701757
1147,3284.8153846153837,1170,9.15,2,19977.824561403504
1148,87506.69038461542,1171,0.9,1,535335.0470588236
1149,16078.259615384615,1172,3.8,2,97785.90643274854
1150,5232.588461538462,1173,2.1,2,31823.929824561408
1151,3639.082692307694,1174,3.425,2,22132.43274853802
1152,13231.588461538462,1175,0.0,2,80472.8187134503
1153,13401.488461538462,1176,0.0,2,81506.12865497076
1154,2755.6519230769236,1177,0.3,2,16759.52046783626
1155,6904.501923076925,1178,5.625,2,41992.29239766083
1156,2963.636538461539,1179,0.05,2,18024.45614035088
1157,57859.44423076925,1180,0.775,2,351893.69590643287
1158,16346.301923076924,1181,2.15,2,99416.1052631579
1159,29799.826923076915,1182,0.0,2,181238.71345029236
1160,7639.523076923077,1183,5.2,2,46462.59649122807
1161,1270.9326923076922,1184,0.925,2,7729.649122807016
1162,39619.43653846153,1185,0.7,2,240960.31578947365
1163,1005.0115384615389,1186,7.75,2,6112.3508771929855
1164,2021.0076923076929,1187,0.0,2,12291.508771929828
1165,23033.926923076924,1188,1.95,2,140089.38011695907
1166,24662.240384615387,1189,0.95,2,149992.57309941523
1167,23868.55576923077,1190,4.075,2,145165.48538011697
1168,20562.89423076923,1191,1.4,2,125060.87719298246
1169,18134.54615384615,1192,1.8,2,110291.9766081871
1170,3469.496153846156,1193,9.175,2,21101.029239766096
1171,15141.73461538462,1194,0.875,2,92090.08187134506
1172,2928.4711538461543,1195,3.1,2,17810.58479532164
1173,10472.432692307691,1196,0.0,2,63691.98830409357
1174,3270.361538461538,1197,0.0,2,19889.91812865497
1175,11690.259615384613,1198,2.2,2,71098.65497076022
1176,71289.41346153847,1199,0.0,1,436123.47058823536
1177,3723.1346153846157,1200,1.65,2,22643.625730994154
1178,26262.66346153846,1201,4.05,2,159726.1403508772
1179,1772.7,1202,2.625,2,10781.333333333334
1180,29417.998076923082,1203,0.175,2,178916.4795321638
1181,6408.361538461539,1204,0.55,2,38974.83040935673
1182,1391.063461538461,1206,6.2,2,8460.269005847951
1183,1411.2019230769224,1207,3.675,2,8582.748538011692
1184,2858.551923076923,1208,1.5,2,17385.345029239765
1185,41113.988461538465,1209,1.375,2,250049.9883040936
1186,1201.069230769231,1210,1.7,2,7304.748538011697
1187,95204.2730769231,1211,2.275,2,579020.1403508774
1188,2164.2,1212,2.525,2,13162.38596491228
1189,15099.861538461537,1213,0.875,2,91835.41520467836
1190,15300.617307692315,1214,3.95,2,93056.38596491232
1191,6800.692307692308,1215,6.6,2,41360.93567251462
1192,82171.34615384614,1216,0.175,1,502695.29411764693
1193,4655.326923076923,1217,0.675,2,28313.099415204677
1194,1671.876923076923,1218,0.0,2,10168.140350877193
1195,4134.74423076923,1219,1.1,2,25146.982456140344
1196,7382.959615384612,1220,2.35,2,44902.21052631577
1197,3481.6019230769225,1221,3.975,2,21174.65497076023
1198,10719.557692307688,1222,8.025,2,65194.9707602339
1199,29385.536538461532,1223,0.375,2,178719.0526315789
1200,26282.740384615394,1224,3.85,2,159848.24561403514
1201,48924.92115384615,1225,0.0,1,299305.39999999997
1202,67084.91153846153,1226,0.425,2,408001.80116959056
1203,13245.625000000004,1227,3.225,2,80558.18713450295
1204,21599.80576923077,1228,0.375,2,131367.23976608188
1205,2449.30576923077,1229,4.625,2,14896.362573099417
1206,31006.43653846153,1230,0.975,2,188577.1578947368
1207,41306.95576923076,1231,0.0,1,252701.37647058815
1208,1800.021153846154,1232,8.425,2,10947.497076023394
1209,62229.65961538461,1233,0.675,2,378472.78362573095
1210,629.6038461538462,1234,4.3,2,3829.1695906432756
1211,152568.0826923077,1235,0.0,0,944469.0833333335
1212,33492.14230769231,1236,1.775,2,203694.9005847953
1213,2843.451923076922,1237,7.225,2,17293.50877192982
1214,23212.236538461544,1238,1.075,2,141173.83625730997
1215,3689.832692307693,1239,4.825,2,22441.087719298248
1216,51026.4423076923,1240,0.475,2,310336.25730994146
1217,3164.6942307692298,1241,0.0,2,19247.263157894733
1218,1008.1942307692307,1242,3.75,2,6131.707602339181
1219,7481.632692307692,1243,2.35,2,45502.32748538012
1220,26115.21346153846,1244,1.475,2,158829.36842105264
1221,30009.428846153845,1245,6.175,2,182513.48538011697
1222,1259.5307692307692,1246,6.05,2,7660.304093567252
1223,44974.13076923076,1247,1.1,2,273526.8771929824
1224,351420.0403846154,1248,0.225,0,2175457.392857143
1225,1443.857692307692,1249,0.75,2,8781.356725146197
1226,36381.19423076923,1250,4.35,2,221265.74269005848
1227,12584.311538461541,1251,0.0,2,76536.16374269009
1228,155330.97115384616,1252,0.6,1,950260.0588235294
1229,38864.655769230754,1253,0.3,2,236369.83625730986
1230,21109.417307692307,1255,0.2,2,128384.76023391813
1231,2966.911538461539,1256,2.925,2,18044.37426900585
1232,198514.51153846158,1257,0.125,0,1228899.3571428573
1233,3070.4903846153848,1258,1.975,2,18674.327485380116
1234,11263.26923076923,1259,0.0,2,68501.75438596492
1235,135773.47692307687,1260,2.575,2,825756.81871345
1236,14482.696153846156,1261,1.975,2,88081.89473684212
1237,50177.30192307693,1262,1.325,2,305171.89473684214
1238,2959.046153846154,1263,0.0,2,17996.53801169591
1239,47478.82115384615,1264,1.45,2,288760.081871345
1240,77280.21730769229,1265,0.225,1,472773.094117647
1241,36544.45961538462,1266,0.375,2,222258.701754386
1242,19077.307692307695,1267,3.65,2,116025.73099415207
1243,90887.0576923077,1268,0.925,1,556014.9411764707
1244,1899.551923076923,1269,0.0,2,11552.830409356726
1245,7753.571153846153,1270,9.675,2,47156.22222222222
1246,1540.1788461538465,1271,4.9,2,9367.169590643278
1247,39650.91346153846,1272,0.275,2,241151.75438596492
1248,11140.801923076924,1273,5.0,2,67756.9239766082
1249,2619.2365384615377,1274,9.85,2,15929.859649122802
1250,75733.8519230769,1275,2.475,2,460603.5438596489
